1,1,2023-12-05,18:30:00
2,2,2023-11-28,20:15:00
3,3,2023-12-12,22:00:00
4,4,2023-11-15,19:45:00
5,5,2023-10-30,21:30:00
6,6,2023-10-15,16:45:00
7,7,2023-11-02,18:00:00
8,8,2023-10-18,20:45:00
9,9,2023-11-09,21:15:00
10,10,2023-10-04,19:00:00
11,11,2023-09-19,22:30:00
12,12,2023-09-04,17:15:00
13,13,2023-08-20,18:45:00
14,14,2023-09-06,20:00:00
15,15,2023-08-22,22:15:00
16,16,2023-08-07,16:30:00
17,17,2023-07-23,17:45:00
18,18,2023-08-09,19:30:00
19,19,2023-07-14,21:00:00
20,20,2023-07-29,18:15:00
21,21,2023-07-04,20:30:00
22,22,2023-06-19,22:45:00
23,23,2023-06-05,15:00:00
